"","TraitType","TraitValue","S_TD_mean","VarS_TD_mean","degree_mean","S_TD_q.025","VarS_TD_q.025","degree_q.025","S_TD_q.975","VarS_TD_q.975","degree_q.975","S_TD_n","VarS_TD_n","degree_n","S_TD_sd","VarS_TD_sd","degree_sd","P_Taxon"
"1","Complex","No",0.797761253815105,0.253554592886352,2.03084415584416,0,0,1,4,2,8,4312,4312,4312,1.23700919342161,0.554625210549665,3.95066119765972,"Total"
"2","Complex","Yes",1.25960476911099,0.433225808946757,4.08126293995859,0,0,1,4,2,26,3864,3864,3864,1.56914383656697,0.571327748438455,10.5861171895867,"Total"
"3","Complex","Yes_No",3.66666666666667,0.222222222222222,3,3.66666666666667,0.222222222222222,3,3.66666666666667,0.222222222222222,3,1,1,1,NA,NA,NA,"Total"
"4","Complex",NA,0.861740494729771,0.318656246735783,2.03739482704892,0,0,1,4,2,9,3209,3209,3209,1.37696945671176,0.566997958335124,3.46605882588929,"Total"
"5","Endoparasite","Both",3.66666666666667,0.222222222222222,3,3.66666666666667,0.222222222222222,3,3.66666666666667,0.222222222222222,3,1,1,1,NA,NA,NA,"Total"
"6","Endoparasite","Ecto",0.801150490086089,0.254556593199935,2.04330616996508,0,0,1,4,2,8,4295,4295,4295,1.2401029977505,0.554939498278861,3.98535818855715,"Total"
"7","Endoparasite","Endo",1.17354766143445,0.400511950981341,3.54996127033308,0,0,1,4,2,21,5164,5164,5164,1.53462756798905,0.568147053699692,9.29187664181377,"Total"
"8","Endoparasite",NA,0.815806398398866,0.34421124205337,2.05451713395639,0,0,1,4,2,9,1926,1926,1926,1.35517634908198,0.585202480794539,3.88746074108436,"Total"
"9","Env_mode","napp",1.21770541356423,0.376720594278552,3.95811119573496,0,0,1,4,2,22.2,1313,1313,1313,1.52783682146259,0.507958411196961,10.4191389953925,"Total"
"10","Env_mode","Water",0.942680599297114,0.321836205331304,2.7947937795808,0,0,1,4,2,15,5916,5916,5916,1.35549314742636,0.55700814846979,7.44307083174145,"Total"
"11","Env_mode",NA,0.938250092638573,0.353754937300699,2.24609093095983,0,0,1,4,2,10,4157,4157,4157,1.44416694953605,0.610510042207688,4.28595443659148,"Total"
"12","Environment_LHS","No",0.883449650869892,0.292851405527658,2.54934210526316,0,0,1,4,2,13,3648,3648,3648,1.33584690251985,0.541272542190812,6.55773369712484,"Total"
"13","Environment_LHS","Yes",1.09984451655492,0.375095986747152,3.47256438969765,0,0,1,4,2,20.7249999999999,3572,3572,3572,1.44081102992821,0.558649453139914,9.38420879839238,"Total"
"14","Environment_LHS","Yes+No",1.59964945049016,0.233935456137434,4.16666666666667,0,0,1,4,0.901647153351699,15.375,54,54,54,1.28306221323337,0.403520379632709,5.12025205747485,"Total"
"15","Environment_LHS",NA,0.933414702995166,0.350453289587573,2.22251945525292,0,0,1,4,2,10,4112,4112,4112,1.44338285579095,0.607186301125987,4.22774755100257,"Total"
"16","Gender","Dioecious",1.24482690047067,0.438040610967732,4.56028794241152,0,0,1,4,1.99974489795918,27,1667,1667,1667,1.5541406973687,0.511696461956826,12.4266561612693,"Total"
"17","Gender","Hermaphrodite",0.951652664493352,0.316583888238226,2.51081967213115,0,0,1,4,2,12,7625,7625,7625,1.38358629945505,0.578473856130988,5.78333166560467,"Total"
"18","Gender",NA,0.833129540928226,0.338338925005934,2.06351480420248,0,0,1,4,2,9.67499999999995,2094,2094,2094,1.3652547580259,0.578131189293127,3.80424942392414,"Total"
"19","Horizontal","",3.72727272727273,0.852892561983471,11,3.72727272727273,0.852892561983471,11,3.72727272727273,0.852892561983471,11,1,1,1,NA,NA,NA,"Total"
"20","Horizontal","Horizontal",1.51372395523359,0.484635283393342,4.05813953488372,0,0,1,4,2.07555555555556,23.125,86,86,86,1.5792488725454,0.649777019135248,6.19744663012455,"Total"
"21","Horizontal","nd",0.867589059503843,0.324073473603503,2.01724650609575,0,0,1,4,2,9,3363,3363,3363,1.38792547374858,0.569807905468847,3.38730350214721,"Total"
"22","Horizontal","Yes",1.01099524689564,0.343220959783238,3.01386263390044,0,0,1,4,2,16.6499999999996,7935,7935,7935,1.41635553099852,0.568166635732543,7.97802688140202,"Total"
"23","Horizontal",NA,2.19444444444444,0.212191358024691,9,2.19444444444444,0.212191358024691,9,2.19444444444444,0.212191358024691,9,1,1,1,NA,NA,NA,"Total"
"24","Host_no","1",0.794539846957503,0.252697212257382,1.98626629422719,0,0,1,4,2,8,4296,4296,4296,1.23505204981165,0.55560244744097,2.99460864842855,"Total"
"25","Host_no","1or2",3.62122463020296,0.396363105366227,87,3.57805469556244,0.230929266379422,7.19999999999999,3.66439456484348,0.561796944353032,166.8,2,2,2,0.0642647442688289,0.24627239870588,118.79393923934,"Total"
"26","Host_no","2",1.17934740076675,0.431588554622135,4.00936454849498,0,0,1,4,2,21,1495,1495,1495,1.50599838945083,0.560417806887866,10.1453911594375,"Total"
"27","Host_no","2or3",1.0331872406091,0.459976874343236,4.26222222222222,0,0,1,4,1.984,33,225,225,225,1.52560279317504,0.52862468237291,12.4419238164348,"Total"
"28","Host_no","3",1.37281450225661,0.445313278340874,4.60108864696734,0,0,1,4,2,28.875,1286,1286,1286,1.60978664383587,0.562649078810933,12.5899211890086,"Total"
"29","Host_no","4",3.5512543012543,1.28901428950547,32.5,3.12755577755578,0.248980749705025,5.6,4.11666666666667,3.2574358974359,92.55,4,4,4,0.445726038898284,1.46600962715669,44.4934452101281,"Total"
"30","Host_no",NA,0.951503108477175,0.340829327392424,2.29548798430603,0,0,1,4,2,11,4078,4078,4078,1.43934498059515,0.573987961778353,4.15445412538624,"Total"
"31","Motile_LHS","No",0.897840647245519,0.299371192171646,2.5806881835156,0,0,1,4,2,13,3749,3749,3749,1.34409857379803,0.545400153968063,6.54014044086627,"Total"
"32","Motile_LHS","Yes",1.0845377611399,0.370767446810701,3.44112478031634,0,0,1,4,2,20,3414,3414,3414,1.43736702796847,0.557077549857924,9.47344533135585,"Total"
"33","Motile_LHS","Yes+No",1.62790757236936,0.255374597632701,4.8,0,0,1,4,1.14312632782912,26.75,55,55,55,1.28828616266457,0.422748394358181,6.91321868543102,"Total"
"34","Motile_LHS",NA,0.939995165310632,0.351412851612246,2.2507197696737,0,0,1,4,2,10,4168,4168,4168,1.44357135814139,0.605023604373506,4.30521970269023,"Total"
"35","Reproduction","Oviparous",1.00429825588446,0.347385783520772,2.96357897292704,0,0,1,4,2,16.0999999999995,8237,8237,8237,1.41961327392187,0.575416344103865,7.86001767274845,"Total"
"36","Reproduction","Ovoviviparous",1.06190476190476,0.353048626858151,2.26666666666667,0,0,1,2.83690476190476,1.83083900226757,6.6,15,15,15,1.07628528870172,0.705994113609819,1.83095083286825,"Total"
"37","Reproduction","Viviparous",0.987295267581772,0.289120922731875,2.31649331352155,0,0,1,4,1.58111111111112,11,673,673,673,1.35790497293708,0.491791243154934,3.04274775085403,"Total"
"38","Reproduction",NA,0.862766456041738,0.326824302050339,2.05770012190167,0,0,1,4,2,10,2461,2461,2461,1.39626528496283,0.568894448884089,3.644229572894,"Total"
"39","Sexual","Both",1.24278611048623,0.387494333964427,3.59921026653504,0,0,1,4,2,19,2026,2026,2026,1.49604028000699,0.529022655054522,8.63917459295855,"Total"
"40","Sexual","Sexual",0.926156510295761,0.322570333799517,2.71786230139624,0,0,1,4,2,14,6231,6231,6231,1.38174221085753,0.582767349120937,7.41576562219813,"Total"
"41","Sexual",NA,0.890791113151847,0.335967509929624,2.18632150846916,0,0,1,4,2,11,3129,3129,3129,1.3940171901226,0.572934306540511,4.12536809799011,"Total"
"42","Trophic","No",0.808103022872441,0.252869339575509,2.06902086677368,0,0,1,4,2,8,4361,4361,4361,1.24331000926233,0.550607734243915,4.0155153427279,"Total"
"43","Trophic","Yes",1.26583615782039,0.4413904960392,4.2170586568433,0,0,1,4,2,26,3529,3529,3529,1.57423984634403,0.577858889165588,11.0135936036852,"Total"
"44","Trophic",NA,0.882373622670265,0.324526307709972,2.04891304347826,0,0,1,4,2,9,3496,3496,3496,1.39019644885367,0.563129531036663,3.37713577288318,"Total"
"45","Vector","No",1.00890647659659,0.344242275127917,3.00889835819025,0,0,1,4,2,17,7979,7979,7979,1.41579541033909,0.568870176128776,7.96689037317376,"Total"
"46","Vector","Yes",0.625,0.59375,2.5,0,0.0296874999999999,1,2.53125,1.1578125,8.125,6,6,6,1.11523540115977,0.839689302659025,3.20936130717624,"Total"
"47","Vector",NA,0.88863172354775,0.327496078684486,2.07144957365481,0,0,1,4,2,9,3401,3401,3401,1.39898407691155,0.571396520893427,3.46900722167037,"Total"
"48","Complex","No",2.11582301940371,0.582819063204965,10.2735849056604,0,0,1,3.89583333333333,1.81955301117233,33.875,106,106,106,1.38672527332076,0.494013177255661,18.4832140159494,"CR"
"49","Complex","No",0.765332686620735,0.235529402403723,1.82411820781697,0,0,1,4,2,6,4196,4196,4196,1.2156391675998,0.552503775711585,2.39308694661451,"M"
"50","Complex","No",0,NA,1,0,NA,1,0,NA,1,4,4,4,0,NA,0,"N"
"51","Complex","No",0.722222222222222,0.296296296296296,1.66666666666667,0,0,1,2.16666666666667,0.844444444444445,2.875,6,6,6,0.928957998492377,0.513200239279667,0.816496580927726,"T"
"52","Complex","Yes",1.42899652383169,0.43456195419988,5.36304347826087,0,0,1,4,1.63219954648526,41.05,460,460,460,1.62172751056637,0.470510894047881,12.8949477312461,"A"
"53","Complex","Yes",1.25527949127202,0.454906811504014,3.665625,0,0,1,5,2.34804591836735,29.05,960,960,960,1.6670445732229,0.710814691491527,9.049952075009,"C"
"54","Complex","Yes",3.64185867895545,0.482409680486832,19.5,3.64091013824885,0.451158060622792,8.575,3.64280721966206,0.513661300350872,30.425,2,2,2,0.00141204119130965,0.0465225943766881,16.2634559672906,"CR"
"55","Complex","Yes",1.12412632771634,0.437325193011659,4.16317016317016,0,0,1,4,1.99155555555556,22.5749999999999,858,858,858,1.51195918178924,0.532014579577397,12.6890445207073,"N"
"56","Complex","Yes",1.28341035904206,0.418768607759362,3.89709595959596,0,0,1,4,2,22.425,1584,1584,1584,1.51616404729501,0.528945069729809,9.34818945116078,"T"
"57","Complex","Yes_No",3.66666666666667,0.222222222222222,3,3.66666666666667,0.222222222222222,3,3.66666666666667,0.222222222222222,3,1,1,1,NA,NA,NA,"N"
"58","Complex",NA,1.1963521963522,0.414956114024908,2.4954954954955,0,0,1,4,2,11.25,111,111,111,1.5338650645513,0.599392266889792,3.02977309043515,"A"
"59","Complex",NA,0.889832175428202,0.29085023465394,1.719646799117,0,0,1,5,2.42222222222221,5,453,453,453,1.48300375199366,0.686103607124523,1.96168788139186,"C"
"60","Complex",NA,3.04444444444444,0.75358024691358,10,3.04444444444444,0.75358024691358,10,3.04444444444444,0.75358024691358,10,1,1,1,NA,NA,NA,"CR"
"61","Complex",NA,0,NA,1,0,NA,1,0,NA,1,1,1,1,NA,NA,NA,"M"
"62","Complex",NA,0.705622266750585,0.233370691774562,1.81867145421903,0,0,1,4,1.30874975543999,8.10000000000002,557,557,557,1.30660830279031,0.400929897304833,2.80437922473195,"N"
"63","Complex",NA,0.878887886528882,0.33481080741434,2.13710450623202,0,0,1,4,2,9,2086,2086,2086,1.35850249365407,0.564849186802318,3.87061661173255,"T"
"64","Endoparasite","Both",3.66666666666667,0.222222222222222,3,3.66666666666667,0.222222222222222,3,3.66666666666667,0.222222222222222,3,1,1,1,NA,NA,NA,"T"
"65","Endoparasite","Ecto",2.15234313632247,0.582465444596404,10.4403669724771,0,0,1,3.88333333333333,1.80830463728191,33.5,109,109,109,1.38540763934872,0.485742531208486,18.3340561436606,"CR"
"66","Endoparasite","Ecto",0.765966543970522,0.235999833966447,1.8246536072623,0,0,1,4,2,6,4186,4186,4186,1.21638313299234,0.55295518854721,2.39540059817601,"M"
"67","Endoparasite","Endo",1.42341788375959,0.437967213957864,4.92764378478664,0,0,1,4,1.99783163265306,34.1999999999998,539,539,539,1.61702592112114,0.49906044699707,11.9918015757736,"A"
"68","Endoparasite","Endo",1.18491379000679,0.418280588241135,3.21231254932912,0,0,1,5,2.35302678571428,22.3499999999999,1267,1267,1267,1.63205584369331,0.709937077912048,7.98299376885703,"C"
"69","Endoparasite","Endo",0.5,0,1.6,0,0,1,2,0,3.775,10,10,10,0.849836585598797,0,1.07496769977314,"M"
"70","Endoparasite","Endo",1.04016441838458,0.404339421209775,3.64585274930103,0,0,1,4,2,21,1073,1073,1073,1.48459729623807,0.52427448511287,11.4099092850239,"N"
"71","Endoparasite","Endo",1.17388821601574,0.381344187933193,3.37494505494506,0,0,1,4,2,19,2275,2275,2275,1.47595081363636,0.515972152647216,8.0365034564049,"T"
"72","Endoparasite",NA,0.715976731601732,0.236736880243374,2.75,0,0,1,3.74166666666667,0.68321028466483,13.25,32,32,32,1.25654552171279,0.256082246418217,4.24264068711928,"A"
"73","Endoparasite",NA,0.732030925695309,0.303274959523464,1.56164383561644,0,0,1,4.79166666666667,1.52466666666666,5.375,146,146,146,1.44152117118328,0.670631161863888,1.68552704430978,"C"
"74","Endoparasite",NA,0,NA,1,0,NA,1,0,NA,1,1,1,1,NA,NA,NA,"M"
"75","Endoparasite",NA,0.706346505765736,0.251280198309903,1.95965417867435,0,0,1,4,1.22427890651933,10.35,347,347,347,1.30202523593013,0.38334893422089,3.37083511311821,"N"
"76","Endoparasite",NA,0.85453793946624,0.367671868064228,2.11428571428571,0,0,1,4,2,9,1400,1400,1400,1.36068147902117,0.613179746449911,4.15305069589965,"T"
"77","Env_mode","napp",1.41988233181892,0.431408001530917,5.54373522458629,0,0,1,4,1.59361111111111,42.9,423,423,423,1.61616839397244,0.463893576724853,13.3837757141154,"A"
"78","Env_mode","napp",1.03419913419913,0.527365718507209,2.13432835820896,0,0,1,5,1.82,12.75,67,67,67,1.77753520239654,0.700156812692279,3.39739437763913,"C"
"79","Env_mode","napp",1.03818989846244,0.265007648568655,2.19077568134172,0,0,1,4,1.835,10,477,477,477,1.35810472834714,0.497304283039462,2.48678837335651,"M"
"80","Env_mode","napp",1.25355219101882,0.442734849088704,4.8092485549133,0,0,1,4,2,27.5,346,346,346,1.55895010432718,0.527789980326414,13.1991886448739,"N"
"81","Env_mode","Water",1.39595587575173,0.449522290493757,5.54477611940298,0,0,1,4.365,2,39.65,268,268,268,1.63662990029376,0.607143681324158,13.2082800450113,"C"
"82","Env_mode","Water",2.14408293902504,0.580428363616438,10.4444444444444,0,0,1,3.8875,1.81205409524538,33.625,108,108,108,1.38916721390823,0.488294535180149,18.4194804097992,"CR"
"83","Env_mode","Water",0.730335942859377,0.23058968078105,1.77709061575692,0,0,1,4,2,6,3719,3719,3719,1.19182887088632,0.561248983005211,2.37705818750931,"M"
"84","Env_mode","Water",1.00632679486462,0.412891309264084,4.07831325301205,0,0,1,3.9725,1.61324263038549,20.725,332,332,332,1.43835412885011,0.484891734446424,14.6979625214599,"N"
"85","Env_mode","Water",1.2901285600648,0.418770209906746,4.00067159167226,0,0,1,4,2,23,1489,1489,1489,1.51616490508791,0.525948340774448,9.60856890087468,"T"
"86","Env_mode",NA,1.28056262431262,0.430474200195986,2.69594594594595,0,0,1,4,2,12,148,148,148,1.57881228636562,0.583036085923336,3.28604301416397,"A"
"87","Env_mode",NA,1.08047752355966,0.392954880641566,2.47588126159555,0,0,1,5,3.07708333333333,11.075,1078,1078,1078,1.59922557782105,0.736960624021646,5.45317476830416,"C"
"88","Env_mode",NA,3.04444444444444,0.75358024691358,10,3.04444444444444,0.75358024691358,10,3.04444444444444,0.75358024691358,10,1,1,1,NA,NA,NA,"CR"
"89","Env_mode",NA,0,NA,1,0,NA,1,0,NA,1,1,1,1,NA,NA,NA,"M"
"90","Env_mode",NA,0.799688819999733,0.306369882506675,2.12129380053908,0,0,1,4,1.42679000120758,10,742,742,742,1.37730335600168,0.490713910555683,3.78417108762901,"N"
"91","Env_mode",NA,0.891455897310802,0.338885236792847,2.14174668495656,0,0,1,4,2,10,2187,2187,2187,1.36580370539192,0.565451157046283,3.82209941972061,"T"
"92","Environment_LHS","No",1.41988233181892,0.431408001530917,5.54373522458629,0,0,1,4,1.59361111111111,42.9,423,423,423,1.61616839397244,0.463893576724853,13.3837757141154,"A"
"93","Environment_LHS","No",1.23098070997129,0.585605780029493,3.28712871287129,0,0,1,5,2,19,101,101,101,1.68486509882473,0.737086770629547,5.92846798703234,"C"
"94","Environment_LHS","No",0.743036713540083,0.227952053729262,1.78509719222462,0,0,1,4,2,6,2778,2778,2778,1.20724843674305,0.535363193586906,1.93397527426127,"M"
"95","Environment_LHS","No",1.25355219101882,0.442734849088704,4.8092485549133,0,0,1,4,2,27.5,346,346,346,1.55895010432718,0.527789980326414,13.1991886448739,"N"
"96","Environment_LHS","Yes",1.38783392723757,0.448638723065313,5.44569288389513,0,0,1,4.36999999999999,2,39.6999999999999,267,267,267,1.63428327792472,0.60940785400706,13.1329183127393,"C"
"97","Environment_LHS","Yes",2.14408293902504,0.580428363616438,10.4444444444444,0,0,1,3.8875,1.81205409524538,33.625,108,108,108,1.38916721390823,0.488294535180149,18.4194804097992,"CR"
"98","Environment_LHS","Yes",0.779753412929538,0.251399075885144,1.83296703296703,0,0,1,4,2,6,1365,1365,1365,1.22093083134758,0.595637227053819,3.07028092980357,"M"
"99","Environment_LHS","Yes",1.00632679486462,0.412891309264084,4.07831325301205,0,0,1,3.9725,1.61324263038549,20.725,332,332,332,1.43835412885011,0.484891734446424,14.6979625214599,"N"
"100","Environment_LHS","Yes",1.2853787284021,0.416551471509151,3.97733333333333,0,0,1,4,2,23,1500,1500,1500,1.5157285822639,0.525777345966919,9.57632272117691,"T"
"101","Environment_LHS","Yes+No",3.56451612903226,0.564386056191467,32,3.56451612903226,0.564386056191467,32,3.56451612903226,0.564386056191467,32,1,1,1,NA,NA,NA,"C"
"102","Environment_LHS","Yes+No",1.56257649429126,0.225875685404409,3.64150943396226,0,0,1,4,0.901974288337925,12,53,53,53,1.26580495520023,0.405096149475185,3.39736515339258,"M"
"103","Environment_LHS",NA,1.28056262431262,0.430474200195986,2.69594594594595,0,0,1,4,2,12,148,148,148,1.57881228636562,0.583036085923336,3.28604301416397,"A"
"104","Environment_LHS",NA,1.06294737613176,0.379389192937359,2.37547892720307,0,0,1,5,2.91833333333334,10,1044,1044,1044,1.60196583537652,0.733134696436525,5.29157620877611,"C"
"105","Environment_LHS",NA,3.04444444444444,0.75358024691358,10,3.04444444444444,0.75358024691358,10,3.04444444444444,0.75358024691358,10,1,1,1,NA,NA,NA,"CR"
"106","Environment_LHS",NA,0,NA,1,0,NA,1,0,NA,1,1,1,1,NA,NA,NA,"M"
"107","Environment_LHS",NA,0.799688819999733,0.306369882506675,2.12129380053908,0,0,1,4,1.42679000120758,10,742,742,742,1.37730335600168,0.490713910555683,3.78417108762901,"N"
"108","Environment_LHS",NA,0.892714788948556,0.340704977235893,2.1484375,0,0,1,4,2,10,2176,2176,2176,1.36599078467341,0.565960039967425,3.83193205897465,"T"
"109","Gender","Dioecious",1.43106404498346,0.438067769214708,5.04624277456647,0,0,1,4,1.92879818594104,36.2,519,519,519,1.62094512197034,0.492334907011768,12.2034625579901,"A"
"110","Gender","Dioecious",2.5,0,1.5,0.125,0,1.025,4.875,0,1.975,2,2,2,3.53553390593274,NA,0.707106781186548,"C"
"111","Gender","Dioecious",2.15234313632247,0.582465444596404,10.4403669724771,0,0,1,3.88333333333333,1.80830463728191,33.5,109,109,109,1.38540763934872,0.485742531208486,18.3340561436606,"CR"
"112","Gender","Dioecious",1.05277124617573,0.409703988352271,3.70502901353965,0,0,1,4,2,21.175,1034,1034,1034,1.49009953940237,0.526673812652681,11.6061135644449,"N"
"113","Gender","Dioecious",1.41111111111111,0.126296296296296,3.66666666666667,1.02,0.00694444444444445,2.1,1.81166666666667,0.234944444444444,4.95,3,3,3,0.416777762966912,0.120494522867856,1.52752523165195,"T"
"114","Gender","Hermaphrodite",1.17960175015197,0.422882277307847,3.23126510878324,0,0,1,5,2.36302479338843,23,1241,1241,1241,1.62791557790275,0.713026916359528,8.05428291765102,"C"
"115","Gender","Hermaphrodite",0.765332686620735,0.235529402403723,1.82411820781697,0,0,1,4,2,6,4196,4196,4196,1.2156391675998,0.552503775711585,2.39308694661451,"M"
"116","Gender","Hermaphrodite",1.17967543042166,0.385622215558628,3.4191042047532,0,0,1,4,2,19,2188,2188,2188,1.47922346406636,0.517694497665632,8.17354855315147,"T"
"117","Gender",NA,0.911754911754912,0.335961032714279,2.40384615384615,0,0,1,3.95416666666667,1.52777777777778,10.725,52,52,52,1.3793949620762,0.520005907638621,3.41427002725393,"A"
"118","Gender",NA,0.819273618538324,0.291844524793388,1.67647058823529,0,0,1,5,1.80088888888889,5.77500000000001,170,170,170,1.49658613214841,0.646028034638626,1.94784949291746,"C"
"119","Gender",NA,0,NA,1,0,NA,1,0,NA,1,1,1,1,NA,NA,NA,"M"
"120","Gender",NA,0.706303600729697,0.247537973820077,1.97150259067358,0,0,1,4,1.27468605293881,10.375,386,386,386,1.30044097368363,0.384015275508775,3.32041560866693,"N"
"121","Gender",NA,0.865489763137557,0.361504700091261,2.12053872053872,0,0,1,4,2,9,1485,1485,1485,1.36517176684249,0.604560467354954,4.08546034523607,"T"
"122","Horizontal","",3.72727272727273,0.852892561983471,11,3.72727272727273,0.852892561983471,11,3.72727272727273,0.852892561983471,11,1,1,1,NA,NA,NA,"T"
"123","Horizontal","Horizontal",1.51372395523359,0.484635283393342,4.05813953488372,0,0,1,4,2.07555555555556,23.125,86,86,86,1.5792488725454,0.649777019135248,6.19744663012455,"C"
"124","Horizontal","nd",1.26105304512839,0.421540627105972,2.64383561643836,0,0,1,4,2,12,146,146,146,1.58201302425973,0.586061212331831,3.26684436163349,"A"
"125","Horizontal","nd",0.88125005532981,0.28160385827466,1.68098159509202,0,0,1,5,2.2097222222222,5,489,489,489,1.50596383588157,0.676016676062865,1.90890553615729,"C"
"126","Horizontal","nd",3.04444444444444,0.75358024691358,10,3.04444444444444,0.75358024691358,10,3.04444444444444,0.75358024691358,10,1,1,1,NA,NA,NA,"CR"
"127","Horizontal","nd",0,NA,1,0,NA,1,0,NA,1,1,1,1,NA,NA,NA,"M"
"128","Horizontal","nd",0.704402787095784,0.234554880734647,1.80347826086957,0,0,1,4,1.29479504899967,7.64999999999998,575,575,575,1.30673182798514,0.400054822411932,2.76387631251257,"N"
"129","Horizontal","nd",0.880790766360707,0.342326452933931,2.10506741050674,0,0,1,4,2,9,2151,2151,2151,1.36103430938735,0.571286035724145,3.77533332982245,"T"
"130","Horizontal","Yes",1.42592882392689,0.434100752403654,5.54823529411765,0,0,1,4,1.58722222222222,42.8,425,425,425,1.61432012040271,0.464032320141796,13.3532609592711,"A"
"131","Horizontal","Yes",1.24833489299798,0.458527955181137,3.72520908004779,0,0,1,5,2.36100826446281,31.1,837,837,837,1.66797236124362,0.72336937018943,9.47073041298903,"C"
"132","Horizontal","Yes",2.14408293902504,0.580428363616438,10.4444444444444,0,0,1,3.8875,1.81205409524538,33.625,108,108,108,1.38916721390823,0.488294535180149,18.4194804097992,"CR"
"133","Horizontal","Yes",0.765332686620735,0.235529402403723,1.82411820781697,0,0,1,4,2,6,4196,4196,4196,1.2156391675998,0.552503775711585,2.39308694661451,"M"
"134","Horizontal","Yes",1.13155864597312,0.438580643130787,4.20710059171598,0,0,1,4,1.99288888888889,22.9,845,845,845,1.514517567967,0.532747391903162,12.7811860675905,"N"
"135","Horizontal","Yes",1.29416487020082,0.411981055809409,4.00393700787402,0,0,1,4,1.8852037037037,23,1524,1524,1524,1.51527278953261,0.521572265837547,9.53439970114341,"T"
"136","Horizontal",NA,2.19444444444444,0.212191358024691,9,2.19444444444444,0.212191358024691,9,2.19444444444444,0.212191358024691,9,1,1,1,NA,NA,NA,"C"
"137","Host_no","1",2.10424197363361,0.601853345091926,9.11458333333333,0,0,1,3.92857142857143,1.85422453703704,31.25,96,96,96,1.38159748675895,0.503993205980092,9.99986293765719,"CR"
"138","Host_no","1",0.765332686620735,0.235529402403723,1.82411820781697,0,0,1,4,2,6,4196,4196,4196,1.2156391675998,0.552503775711585,2.39308694661451,"M"
"139","Host_no","1",0,NA,1,0,NA,1,0,NA,1,4,4,4,0,NA,0,"N"
"140","Host_no","1or2",3.57578259373925,0.570503988510232,171,3.57578259373925,0.570503988510232,171,3.57578259373925,0.570503988510232,171,1,1,1,NA,NA,NA,"CR"
"141","Host_no","1or2",3.66666666666667,0.222222222222222,3,3.66666666666667,0.222222222222222,3,3.66666666666667,0.222222222222222,3,1,1,1,NA,NA,NA,"N"
"142","Host_no","2",1.41008501477245,0.454876881124047,6.18045112781955,0,0,1,4,1.58083333333333,54.625,266,266,266,1.63649495773878,0.477441066553884,15.7493741529881,"A"
"143","Host_no","2",1.00973967907724,0.44527585975166,3.27475247524752,0,0,1,4,2.10311111111111,17,404,404,404,1.4650740904825,0.664400017686259,8.26882429814344,"C"
"144","Host_no","2",2.36163139564899,0.405370113163112,7.45454545454545,0,0,1,3.78611111111111,0.893069845017897,26.25,11,11,11,1.4975715210982,0.342285628860909,8.6990072578845,"CR"
"145","Host_no","2",1.13550352294827,0.443120467289081,3.64392678868552,0,0,1,4,2,19,601,601,601,1.48214001747707,0.560412386389666,9.45073192339965,"N"
"146","Host_no","2",1.2755462780543,0.361494743196388,3.54460093896714,0,0,1,4,1.68101071730467,17.7,213,213,213,1.42247012528594,0.505757772614256,4.56340358903464,"T"
"147","Host_no","2or3",1.12261904761905,0.515162509448224,2.375,0,0,1,4,1.80770975056689,10.4,24,24,24,1.59726502049489,0.683008055296073,3.07602934344572,"A"
"148","Host_no","2or3",1.29143217893218,0.301073849288338,4.76190476190476,0,0,1,4.5,1.37764335471189,33,21,21,21,1.66044661676221,0.553936483719789,9.46522457158182,"C"
"149","Host_no","2or3",0.98673331024508,0.500499268450122,4.7239263803681,0,0,1,4,1.86552469135802,34.8,163,163,163,1.51566229582076,0.505080397819202,14.1448801292584,"N"
"150","Host_no","2or3",1.03333333333333,0.320793650793651,1.88235294117647,0,0,1,3.8,1.1785,5.2,17,17,17,1.4455871548344,0.498258165306433,1.40900465494159,"T"
"151","Host_no","3",2.46763513619164,0.693852146299953,8.75,0,0.512715053455736,1,3.66209150326797,1.14684027777778,19.65,8,8,8,1.59376201492661,0.276693142726123,7.30459737816828,"A"
"152","Host_no","3",1.55279904901679,0.526075513778822,4.85964912280702,0,0,1,5,2.3271262755102,39.65,228,228,228,1.76339265127905,0.713603816906356,11.3206195196226,"C"
"153","Host_no","3",1.81684997454918,0.386650220646249,11.4444444444444,0,0,1,4,0.918888476602762,30.6,45,45,45,1.83492672355198,0.286776804672856,33.2999833166458,"N"
"154","Host_no","3",1.30338501172331,0.425033717124596,4.20298507462687,0,0,1,4,2,26,1005,1005,1005,1.55492995236148,0.531151415958743,11.0686283212114,"T"
"155","Host_no","4",3.5512543012543,1.28901428950547,32.5,3.12755577755578,0.248980749705025,5.6,4.11666666666667,3.2574358974359,92.55,4,4,4,0.445726038898284,1.46600962715669,44.4934452101281,"C"
"156","Host_no",NA,1.34932946005792,0.388457870061853,3.56410256410256,0,0,1,4,1.99948979591837,21.2,273,273,273,1.57310634014894,0.502189817936527,6.22941557461104,"A"
"157","Host_no",NA,1.06463515952975,0.337228029086021,2.16534391534392,0,0,1,5,2.3643709825528,9,756,756,756,1.62754742822151,0.708174393427375,4.01690665647877,"C"
"158","Host_no",NA,3.04444444444444,0.75358024691358,10,3.04444444444444,0.75358024691358,10,3.04444444444444,0.75358024691358,10,1,1,1,NA,NA,NA,"CR"
"159","Host_no",NA,0,NA,1,0,NA,1,0,NA,1,1,1,1,NA,NA,NA,"M"
"160","Host_no",NA,0.713694052878099,0.230565413463793,1.83168316831683,0,0,1,4,1.25641960628881,8.875,606,606,606,1.31156312217833,0.396056925156289,2.79752892234425,"N"
"161","Host_no",NA,0.930543020352744,0.354605732949177,2.3064317902499,0,0,1,4,2,11,2441,2441,2441,1.37886718556943,0.561330986469038,4.16123745293511,"T"
"162","Motile_LHS","No",1.41988233181892,0.431408001530917,5.54373522458629,0,0,1,4,1.59361111111111,42.9,423,423,423,1.61616839397244,0.463893576724853,13.3837757141154,"A"
"163","Motile_LHS","No",1.36101236287267,0.53167835568973,3.64171122994652,0,0,1,5,2.07333333333333,22.7,187,187,187,1.63888018740139,0.689634190558113,6.04952439808662,"C"
"164","Motile_LHS","No",1,0,1.66666666666667,0.05,0,1.05,1.95,0,2,3,3,3,1,0,0.577350269189626,"CR"
"165","Motile_LHS","No",0.743036713540083,0.227952053729262,1.78509719222462,0,0,1,4,2,6,2778,2778,2778,1.20724843674305,0.535363193586906,1.93397527426127,"M"
"166","Motile_LHS","No",1.25355219101882,0.442734849088704,4.8092485549133,0,0,1,4,2,27.5,346,346,346,1.55895010432718,0.527789980326414,13.1991886448739,"N"
"167","Motile_LHS","No",0.833333333333333,0.466666666666667,1.75,0,0,1,3.05833333333333,0.888888888888889,3.725,12,12,12,1.19341628287971,0.447213595499958,1.05528970602217,"T"
"168","Motile_LHS","Yes",1.31787529038053,0.419382404128899,5.92222222222222,0,0,1,4.5,2,66.575,180,180,180,1.65974279735915,0.586419299378268,15.1861652547927,"C"
"169","Motile_LHS","Yes",2.17677102299719,0.594585152972937,10.6952380952381,0,0,1,3.9,1.81955301117233,34,105,105,105,1.38830306872444,0.485589761463123,18.6218047385749,"CR"
"170","Motile_LHS","Yes",0.779753412929538,0.251399075885144,1.83296703296703,0,0,1,4,2,6,1365,1365,1365,1.22093083134758,0.595637227053819,3.07028092980357,"M"
"171","Motile_LHS","Yes",1.00632679486462,0.412891309264084,4.07831325301205,0,0,1,3.9725,1.61324263038549,20.725,332,332,332,1.43835412885011,0.484891734446424,14.6979625214599,"N"
"172","Motile_LHS","Yes",1.28377758540821,0.417318584316272,3.98254189944134,0,0,1,4,2,23,1432,1432,1432,1.522939775053,0.527825960377565,9.67236019517837,"T"
"173","Motile_LHS","Yes+No",3.35918114143921,0.860102298312696,35.5,3.16411290322581,0.579171868297529,32.175,3.55424937965261,1.14103272832786,38.825,2,2,2,0.290387524283806,0.418205920221848,4.94974746830583,"C"
"174","Motile_LHS","Yes+No",1.56257649429126,0.225875685404409,3.64150943396226,0,0,1,4,0.901974288337925,12,53,53,53,1.26580495520023,0.405096149475185,3.39736515339258,"M"
"175","Motile_LHS",NA,1.28056262431262,0.430474200195986,2.69594594594595,0,0,1,4,2,12,148,148,148,1.57881228636562,0.583036085923336,3.28604301416397,"A"
"176","Motile_LHS",NA,1.06294737613176,0.379389192937359,2.37547892720307,0,0,1,5,2.91833333333334,10,1044,1044,1044,1.60196583537652,0.733134696436525,5.29157620877611,"C"
"177","Motile_LHS",NA,3.04444444444444,0.75358024691358,10,3.04444444444444,0.75358024691358,10,3.04444444444444,0.75358024691358,10,1,1,1,NA,NA,NA,"CR"
"178","Motile_LHS",NA,0,NA,1,0,NA,1,0,NA,1,1,1,1,NA,NA,NA,"M"
"179","Motile_LHS",NA,0.799688819999733,0.306369882506675,2.12129380053908,0,0,1,4,1.42679000120758,10,742,742,742,1.37730335600168,0.490713910555683,3.78417108762901,"N"
"180","Motile_LHS",NA,0.906024180578247,0.342863695573452,2.20295698924731,0,0,1,4,2,10,2232,2232,2232,1.36870403581933,0.563487829069439,4.00061965638864,"T"
"181","Reproduction","Oviparous",1.42963764864017,0.432438449163764,5.2762312633833,0,0,1,4,1.63922902494331,40.6999999999999,467,467,467,1.61822245178483,0.478664039598952,12.7956341608106,"A"
"182","Reproduction","Oviparous",1.20171787435816,0.438151383430316,3.39169675090253,0,0,1,5,2.36655371900826,25.325,1108,1108,1108,1.63548466051629,0.719100489226877,8.46236172965084,"C"
"183","Reproduction","Oviparous",2.14408293902504,0.580428363616438,10.4444444444444,0,0,1,3.8875,1.81205409524538,33.625,108,108,108,1.38916721390823,0.488294535180149,18.4194804097992,"CR"
"184","Reproduction","Oviparous",0.728334062397311,0.230529259553909,1.77708894878706,0,0,1,4,2,6,3710,3710,3710,1.18915854448211,0.561601674797257,2.37939912349831,"M"
"185","Reproduction","Oviparous",1.11206547072711,0.433664675247934,4.13863928112965,0,0,1,4,2,24.0999999999999,779,779,779,1.51755705348085,0.545448540511146,13.1811107230816,"N"
"186","Reproduction","Oviparous",1.19771487477547,0.393343980248715,3.50799031476998,0,0,1,4,2,19.3999999999999,2065,2065,2065,1.4825888643492,0.520258347698421,8.3851138792118,"T"
"187","Reproduction","Ovoviviparous",2.92857142857143,2.06632653061224,8,2.92857142857143,2.06632653061224,8,2.92857142857143,2.06632653061224,8,1,1,1,NA,NA,NA,"A"
"188","Reproduction","Ovoviviparous",0.933333333333333,0.0740740740740741,2.2,0,0,1,2.5,0.211111111111111,3.9,5,5,5,1.09036181558641,0.128300059819917,1.30384048104053,"C"
"189","Reproduction","Ovoviviparous",1,0,1.5,0,0,1,2,0,2,4,4,4,1.15470053837925,0,0.577350269189626,"N"
"190","Reproduction","Ovoviviparous",0.866666666666667,0.296296296296296,1.8,0,0,1,2.2,0.844444444444445,2.9,5,5,5,0.960324019392529,0.513200239279667,0.836660026534076,"T"
"191","Reproduction","Viviparous",1.04777074396416,0.264734782231043,2.18312757201646,0,0,1,4,1.791,9.875,486,486,486,1.37018629159344,0.496208767066789,2.46823182510371,"M"
"192","Reproduction","Viviparous",0.830123708641448,0.38005229409091,2.66310160427807,0,0,1,3.69,1.37798765432099,14.7,187,187,187,1.31607884063342,0.467848297322365,4.17092818701473,"N"
"193","Reproduction",NA,1.16081690693341,0.384419403191708,2.64077669902913,0,0,1,4,1.99489795918367,12,103,103,103,1.54041822192427,0.519594092940622,3.39218932408439,"A"
"194","Reproduction",NA,0.906640718782023,0.285258204058952,1.76333333333333,0,0,1,5,1.76905555555555,6,300,300,300,1.5450294975636,0.644241109545854,2.26814251251528,"C"
"195","Reproduction",NA,3.04444444444444,0.75358024691358,10,3.04444444444444,0.75358024691358,10,3.04444444444444,0.75358024691358,10,1,1,1,NA,NA,NA,"CR"
"196","Reproduction",NA,0,NA,1,0,NA,1,0,NA,1,1,1,1,NA,NA,NA,"M"
"197","Reproduction",NA,0.745925607144436,0.235473460807678,1.92,0,0,1,4,1.25348133835381,10,450,450,450,1.35043132805324,0.374663007682255,3.10940809612385,"N"
"198","Reproduction",NA,0.867372928773679,0.349361713861926,2.10958904109589,0,0,1,4,2,9,1606,1606,1606,1.36714745367399,0.592972669130457,3.98429254959105,"T"
"199","Sexual","Both",2.5904081916277,0.554077372662198,9.52380952380952,0,0,1,5,1.86577708006279,66,21,21,21,2.10529119461088,0.67582050024766,20.7403448563881,"C"
"200","Sexual","Both",1.03421219739785,0.267484355564624,2.19409282700422,0,0,1,4,1.85699999999999,10,474,474,474,1.35473357593435,0.49896706654437,2.4940281570232,"M"
"201","Sexual","Both",1.28887622877487,0.419790285327897,3.95297191378184,0,0,1,4,2,23,1531,1531,1531,1.51538354086673,0.529829395913843,9.48774972038824,"T"
"202","Sexual","Sexual",1.43284049859729,0.43966804244451,5.28205128205128,0,0,1,4,1.79024943310658,40.65,468,468,468,1.61797323492314,0.489809454038637,12.7825470908629,"A"
"203","Sexual","Sexual",1.15815152747262,0.415096382512827,3.13012295081967,0,0,1,5,2.32114923469388,22.625,976,976,976,1.62197323453072,0.700164936565398,7.64081311186896,"C"
"204","Sexual","Sexual",2.14408293902504,0.580428363616438,10.4444444444444,0,0,1,3.8875,1.81205409524538,33.625,108,108,108,1.38916721390823,0.488294535180149,18.4194804097992,"CR"
"205","Sexual","Sexual",0.728334062397311,0.230529259553909,1.77708894878706,0,0,1,4,2,6,3710,3710,3710,1.18915854448211,0.561601674797257,2.37939912349831,"M"
"206","Sexual","Sexual",1.06929003156456,0.417192051224939,3.83720930232558,0,0,1,4,2,22,946,946,946,1.49720936323307,0.52984290942235,12.0749392949303,"N"
"207","Sexual","Sexual",1.07509881422925,0.272831502748858,2.47826086956522,0,0,1,3.85,1.02274695001968,8.8,23,23,23,1.33400495122223,0.403315943458984,2.48394051343995,"T"
"208","Sexual",NA,1.16081690693341,0.384419403191708,2.64077669902913,0,0,1,4,1.99489795918367,12,103,103,103,1.54041822192427,0.519594092940622,3.39218932408439,"A"
"209","Sexual",NA,1.01780726983811,0.385401071255322,2.50721153846154,0,0,1,5,2.70599999999999,14.875,416,416,416,1.549120634514,0.731462275083935,5.99477249493152,"C"
"210","Sexual",NA,3.04444444444444,0.75358024691358,10,3.04444444444444,0.75358024691358,10,3.04444444444444,0.75358024691358,10,1,1,1,NA,NA,NA,"CR"
"211","Sexual",NA,1.46153846153846,0.166666666666667,1.69230769230769,0,0,1,4,0.875,3.7,13,13,13,1.8536173919926,0.408248290463863,0.947330933431342,"M"
"212","Sexual",NA,0.737658836639854,0.263088080986213,2.0295358649789,0,0,1,4,1.28526136415724,11.175,474,474,474,1.32101755170013,0.407583997982192,3.38495193063459,"N"
"213","Sexual",NA,0.882478178309896,0.336833239552347,2.13572101790763,0,0,1,4,2,9,2122,2122,2122,1.3628805935322,0.564809256435688,3.85809779531688,"T"
"214","Trophic","No",2.14408293902504,0.580428363616438,10.4444444444444,0,0,1,3.8875,1.81205409524538,33.625,108,108,108,1.38916721390823,0.488294535180149,18.4194804097992,"CR"
"215","Trophic","No",0.765332686620735,0.235529402403723,1.82411820781697,0,0,1,4,2,6,4196,4196,4196,1.2156391675998,0.552503775711585,2.39308694661451,"M"
"216","Trophic","No",0.625,0.59375,2.5,0,0.0296874999999999,1,2.53125,1.1578125,8.125,6,6,6,1.11523540115977,0.839689302659025,3.20936130717624,"N"
"217","Trophic","No",1.51941906414523,0.189229524522519,4.43137254901961,0,0,1,4,0.777777777777778,22.5,51,51,51,1.42367754403111,0.285327607720039,6.01749084572892,"T"
"218","Trophic","Yes",1.41791819404451,0.432443574695812,5.56057007125891,0,0,1,4,1.59680555555555,43,421,421,421,1.61481119886097,0.464810822743964,13.4131869604561,"A"
"219","Trophic","Yes",1.26355520829509,0.46100288671747,3.73147153598281,0,0,1,5,2.35501913265306,30.5,931,931,931,1.65968082723259,0.714806138743005,9.17692688060876,"C"
"220","Trophic","Yes",1.13518123462132,0.437654258910672,4.21930870083433,0,0,1,4,1.99377777777778,23.0999999999999,839,839,839,1.51687681311777,0.532224814633915,12.823645336349,"N"
"221","Trophic","Yes",1.30149871934633,0.43361915996003,4.13079222720478,0,0,1,4,2,23.575,1338,1338,1338,1.53062605532352,0.534630546047879,10.0583232393682,"T"
"222","Trophic",NA,1.2879329004329,0.427270323611774,2.68666666666667,0,0,1,4,2,12,150,150,150,1.5837778207095,0.579039608350662,3.26695200324383,"A"
"223","Trophic",NA,0.895834830222797,0.282558919036987,1.70954356846473,0,0,1,5,2.17430555555556,5,482,482,482,1.50923605651179,0.673555607730419,1.95017782630992,"C"
"224","Trophic",NA,3.04444444444444,0.75358024691358,10,3.04444444444444,0.75358024691358,10,3.04444444444444,0.75358024691358,10,1,1,1,NA,NA,NA,"CR"
"225","Trophic",NA,0,NA,1,0,NA,1,0,NA,1,1,1,1,NA,NA,NA,"M"
"226","Trophic",NA,0.704402787095784,0.234554880734647,1.80347826086957,0,0,1,4,1.29479504899967,7.64999999999998,575,575,575,1.30673182798514,0.400054822411932,2.76387631251257,"N"
"227","Trophic",NA,0.897122787318935,0.340603708030409,2.13729777000437,0,0,1,4,2,10,2287,2287,2287,1.36449487509924,0.56227664209828,3.7310552960446,"T"
"228","Vector","No",1.41988233181892,0.431408001530917,5.54373522458629,0,0,1,4,1.59361111111111,42.9,423,423,423,1.61616839397244,0.463893576724853,13.3837757141154,"A"
"229","Vector","No",1.26692766718811,0.461302500716467,3.76327433628319,0,0,1,5,2.32613010204082,31.425,904,904,904,1.6575283527821,0.704543071245517,9.28014472168039,"C"
"230","Vector","No",2.14408293902504,0.580428363616438,10.4444444444444,0,0,1,3.8875,1.81205409524538,33.625,108,108,108,1.38916721390823,0.488294535180149,18.4194804097992,"CR"
"231","Vector","No",0.765332686620735,0.235529402403723,1.82411820781697,0,0,1,4,2,6,4196,4196,4196,1.2156391675998,0.552503775711585,2.39308694661451,"M"
"232","Vector","No",1.13298743332657,0.437578840302737,4.21317365269461,0,0,1,4,1.99466666666667,23.3,835,835,835,1.51614110767562,0.532679712967105,12.8443016641464,"N"
"233","Vector","No",1.26583643222985,0.41340360030008,3.9398545935228,0,0,1,4,2,23,1513,1513,1513,1.51124589136689,0.526942522864472,9.53563099351329,"T"
"234","Vector","Yes",0.625,0.59375,2.5,0,0.0296874999999999,1,2.53125,1.1578125,8.125,6,6,6,1.11523540115977,0.839689302659025,3.20936130717624,"N"
"235","Vector",NA,1.28056262431262,0.430474200195986,2.69594594594595,0,0,1,4,2,12,148,148,148,1.57881228636562,0.583036085923336,3.28604301416397,"A"
"236","Vector",NA,0.909351033304651,0.293345679942726,1.76031434184676,0,0,1,5,3.20138888888889,6,509,509,509,1.52262745902188,0.702024548091034,2.16211034890388,"C"
"237","Vector",NA,3.04444444444444,0.75358024691358,10,3.04444444444444,0.75358024691358,10,3.04444444444444,0.75358024691358,10,1,1,1,NA,NA,NA,"CR"
"238","Vector",NA,0,NA,1,0,NA,1,0,NA,1,1,1,1,NA,NA,NA,"M"
"239","Vector",NA,0.710542576165256,0.23739246726619,1.82901554404145,0,0,1,4,1.28781769577951,8.54999999999995,579,579,579,1.31104695690865,0.401517878508693,2.83577996168734,"N"
"240","Vector",NA,0.904024480532333,0.343670217154069,2.16366158113731,0,0,1,4,2,10,2163,2163,2163,1.37194880771046,0.565298155773001,3.8521510143927,"T"
